filepath,filename,stem,label,primary_label,secondary_labels,type,latitude,longitude,scientific_name,common_name,class_name,inat_taxon_id,author,license,rating,url,collection,duration_sec,duration,rms_mean,rms_std,zcr_mean,centroid_mean,bandwidth_mean,flatness_mean,silence_ratio
C:\Users\yeyuy\Downloads\projet_ml_audio_classique_v7_structured\projet_ml_audio_classique_v7_structured\data\train_audio\23176\iNat1293885.ogg,iNat1293885.ogg,iNat1293885,23176,,,,,,,,,,,,,,,39.1124375,30.0,0.09295184165239334,0.0591973252594471,0.3892400615505064,6953.871389504787,2618.638383661905,0.014070694334805012,0.19989339019189764
C:\Users\yeyuy\Downloads\projet_ml_audio_classique_v7_structured\projet_ml_audio_classique_v7_structured\data\train_audio\22973\XC929100.ogg,XC929100.ogg,XC929100,22973,,,,,,,,,,,,,,,19.905,19.905,0.03832832723855972,0.020253675058484077,0.25054632592871484,4867.713839632102,2885.988555231224,0.0012233136221766472,0.2
C:\Users\yeyuy\Downloads\projet_ml_audio_classique_v7_structured\projet_ml_audio_classique_v7_structured\data\train_audio\yebela1\XC425964.ogg,XC425964.ogg,XC425964,yebela1,,,,,,,,,,,,,,,70.9224375,30.0,0.059160616248846054,0.06336545199155807,0.35116583655383793,5940.220065535448,2112.1107029645013,0.0018071901286020875,0.19989339019189764
C:\Users\yeyuy\Downloads\projet_ml_audio_classique_v7_structured\projet_ml_audio_classique_v7_structured\data\train_audio\fabwre1\XC299439.ogg,XC299439.ogg,XC299439,fabwre1,,,,,,,,,,,,,,,13.244,13.244,0.030286109074950218,0.0746939405798912,0.22350425535929952,4628.889150967768,3380.150728689951,0.012123361229896545,0.20048309178743962
C:\Users\yeyuy\Downloads\projet_ml_audio_classique_v7_structured\projet_ml_audio_classique_v7_structured\data\train_audio\camfli1\iNat321297.ogg,iNat321297.ogg,iNat321297,camfli1,,,,,,,,,,,,,,,21.757125,21.757125,0.02050667256116867,0.03620745986700058,0.42585772346047795,6950.460903306126,3274.49540389551,0.03301184996962547,0.2
C:\Users\yeyuy\Downloads\projet_ml_audio_classique_v7_structured\projet_ml_audio_classique_v7_structured\data\train_audio\gretho2\XC298312.ogg,XC298312.ogg,XC298312,gretho2,,,,,,,,,,,,,,,25.15590625,25.15590625,0.030843688175082207,0.030210202559828758,0.45924760608709475,7654.572742920538,3445.851027860628,0.048750005662441254,0.20025429116338206
C:\Users\yeyuy\Downloads\projet_ml_audio_classique_v7_structured\projet_ml_audio_classique_v7_structured\data\train_audio\swthum1\XC572923.ogg,XC572923.ogg,XC572923,swthum1,,,,,,,,,,,,,,,33.8024375,30.0,0.03333904594182968,0.058294933289289474,0.30774160031316633,5660.731785909797,3030.6871273306256,0.012066872790455818,0.19989339019189764
C:\Users\yeyuy\Downloads\projet_ml_audio_classique_v7_structured\projet_ml_audio_classique_v7_structured\data\train_audio\smbani\XC372781.ogg,XC372781.ogg,XC372781,smbani,,,,,,,,,,,,,,,5.56409375,5.56409375,0.06028972938656807,0.07663432508707047,0.345721365391523,6539.365614275449,3313.8993679247455,0.028834423050284386,0.20114942528735633
C:\Users\yeyuy\Downloads\projet_ml_audio_classique_v7_structured\projet_ml_audio_classique_v7_structured\data\train_audio\ruftho1\XC439755.ogg,XC439755.ogg,XC439755,ruftho1,,,,,,,,,,,,,,,15.20325,15.20325,0.08364485949277878,0.08219014108181,0.34511164235015773,5446.690052509237,1752.6494375105465,0.001193807926028967,0.19978969505783387
C:\Users\yeyuy\Downloads\projet_ml_audio_classique_v7_structured\projet_ml_audio_classique_v7_structured\data\train_audio\thlwre1\iNat1439826.ogg,iNat1439826.ogg,iNat1439826,thlwre1,,,,,,,,,,,,,,,8.594,8.594,0.01707267574965954,0.013015106320381165,0.2663165805065056,5041.896081702167,2990.344426523267,0.016619544476270676,0.20074349442379183
C:\Users\yeyuy\Downloads\projet_ml_audio_classique_v7_structured\projet_ml_audio_classique_v7_structured\data\train_audio\gycwor1\XC772156.ogg,XC772156.ogg,XC772156,gycwor1,,,,,,,,,,,,,,,64.130625,30.0,0.07326146215200424,0.07615113258361816,0.17451135436100745,4187.369870545953,3239.1191522105855,0.01372821070253849,0.19989339019189764
C:\Users\yeyuy\Downloads\projet_ml_audio_classique_v7_structured\projet_ml_audio_classique_v7_structured\data\train_audio\sobcac1\iNat143030.ogg,iNat143030.ogg,iNat143030,sobcac1,,,,,,,,,,,,,,,18.5469375,18.5469375,0.06970357149839401,0.028712045401334763,0.4181341763200431,6954.68525382875,3932.7004942577773,0.06382095813751221,0.2
C:\Users\yeyuy\Downloads\projet_ml_audio_classique_v7_structured\projet_ml_audio_classique_v7_structured\data\train_audio\bufpar\iNat1293638.ogg,iNat1293638.ogg,iNat1293638,bufpar,,,,,,,,,,,,,,,15.88246875,15.88246875,0.04740194231271744,0.03844580426812172,0.3945071555576536,6563.661733773089,3219.614271752229,0.01640542596578598,0.20040281973816718
C:\Users\yeyuy\Downloads\projet_ml_audio_classique_v7_structured\projet_ml_audio_classique_v7_structured\data\train_audio\stbwoo2\XC706069.ogg,XC706069.ogg,XC706069,stbwoo2,,,,,,,,,,,,,,,26.3053125,26.3053125,0.015702692791819572,0.0277413297444582,0.40821707589285716,6912.689357446986,3083.804217566828,0.027254560962319374,0.2
C:\Users\yeyuy\Downloads\projet_ml_audio_classique_v7_structured\projet_ml_audio_classique_v7_structured\data\train_audio\cibspi1\XC699585.ogg,XC699585.ogg,XC699585,cibspi1,,,,,,,,,,,,,,,26.07021875,26.07021875,0.11827722936868668,0.019560666754841805,0.5041752540260737,7584.617663498913,2427.4484630678603,0.0011523058637976646,0.2
C:\Users\yeyuy\Downloads\projet_ml_audio_classique_v7_structured\projet_ml_audio_classique_v7_structured\data\train_audio\greant1\XC698630.ogg,XC698630.ogg,XC698630,greant1,,,,,,,,,,,,,,,22.464,22.464,0.08029241859912872,0.04922318086028099,0.2250625556049822,3861.4819594044907,2040.9791876590589,0.0003709468001034111,0.2
C:\Users\yeyuy\Downloads\projet_ml_audio_classique_v7_structured\projet_ml_audio_classique_v7_structured\data\train_audio\24285\iNat1208638.ogg,iNat1208638.ogg,iNat1208638,24285,,,,,,,,,,,,,,,151.8580625,30.0,0.16449983417987823,0.026692090556025505,0.3787977141357942,6522.191362951269,2414.291823005872,0.0020484270062297583,0.19989339019189764
C:\Users\yeyuy\Downloads\projet_ml_audio_classique_v7_structured\projet_ml_audio_classique_v7_structured\data\train_audio\saffin\iNat1688304.ogg,iNat1688304.ogg,iNat1688304,saffin,,,,,,,,,,,,,,,5.7208125,5.7208125,0.06289976090192795,0.051374632865190506,0.449687936452514,7203.601963313483,2255.466556829335,0.012449951842427254,0.2011173184357542
C:\Users\yeyuy\Downloads\projet_ml_audio_classique_v7_structured\projet_ml_audio_classique_v7_structured\data\train_audio\redjun\XC665890.ogg,XC665890.ogg,XC665890,redjun,,,,,,,,,,,,,,,60.288,30.0,0.11853570491075516,0.011901680380105972,0.6531706527352079,9488.022952743177,2783.1637503818247,0.0021942046005278826,0.19989339019189764
C:\Users\yeyuy\Downloads\projet_ml_audio_classique_v7_structured\projet_ml_audio_classique_v7_structured\data\train_audio\sobtyr1\XC833397.ogg,XC833397.ogg,XC833397,sobtyr1,,,,,,,,,,,,,,,59.87609375,30.0,0.05871294066309929,0.040134429931640625,0.41126815698294245,6902.906436780784,2443.804181481365,0.004829879384487867,0.19989339019189764
C:\Users\yeyuy\Downloads\projet_ml_audio_classique_v7_structured\projet_ml_audio_classique_v7_structured\data\train_audio\bobfly1\iNat1671495.ogg,iNat1671495.ogg,iNat1671495,bobfly1,,,,,,,,,,,,,,,64.0,30.0,0.02162807248532772,0.026326389983296394,0.4287023483308902,7400.312520841219,2411.964049307682,0.009358995594084263,0.19989339019189764
C:\Users\yeyuy\Downloads\projet_ml_audio_classique_v7_structured\projet_ml_audio_classique_v7_structured\data\train_audio\rufnig1\XC833295.ogg,XC833295.ogg,XC833295,rufnig1,,,,,,,,,,,,,,,1215.96996875,30.0,0.16041381657123566,0.03900901973247528,0.3290154105310501,6256.527398393434,2854.378104505522,0.004214144311845303,0.19989339019189764
C:\Users\yeyuy\Downloads\projet_ml_audio_classique_v7_structured\projet_ml_audio_classique_v7_structured\data\train_audio\grhtan1\XC419208.ogg,XC419208.ogg,XC419208,grhtan1,,,,,,,,,,,,,,,4.80653125,4.80653125,0.16808560490608215,0.088779017329216,0.3206499169435216,5768.256400511226,2418.181519983591,0.0024154188577085733,0.19933554817275748
C:\Users\yeyuy\Downloads\projet_ml_audio_classique_v7_structured\projet_ml_audio_classique_v7_structured\data\train_audio\555123\iNat1370876.ogg,iNat1370876.ogg,iNat1370876,555123,,,,,,,,,,,,,,,41.23734375,30.0,0.001798744429834187,0.006590549368411303,0.40462352370402455,6678.5852853951355,3571.327761050326,0.06484460830688477,0.19989339019189764
C:\Users\yeyuy\Downloads\projet_ml_audio_classique_v7_structured\projet_ml_audio_classique_v7_structured\data\train_audio\41970\iNat1015847.ogg,iNat1015847.ogg,iNat1015847,41970,,,,,,,,,,,,,,,13.824,13.824,0.14039187133312225,0.04913760721683502,0.3466915417268786,5700.88028141529,1468.172828852151,0.0003431347431614995,0.2
C:\Users\yeyuy\Downloads\projet_ml_audio_classique_v7_structured\projet_ml_audio_classique_v7_structured\data\train_audio\23724\iNat249321.ogg,iNat249321.ogg,iNat249321,23724,,,,,,,,,,,,,,,7.848,7.848,0.010926565155386925,0.008143904618918896,0.26472003882382894,3974.8656076060115,1822.9209690678626,0.004814003594219685,0.19959266802443992
C:\Users\yeyuy\Downloads\projet_ml_audio_classique_v7_structured\projet_ml_audio_classique_v7_structured\data\train_audio\sptnig1\iNat483063.ogg,iNat483063.ogg,iNat483063,sptnig1,,,,,,,,,,,,,,,27.846,27.846,0.062466345727443695,0.06314517557621002,0.2501068553453475,3619.2878043395776,1494.9538460012018,0.0006285645649768412,0.19988512349224583
C:\Users\yeyuy\Downloads\projet_ml_audio_classique_v7_structured\projet_ml_audio_classique_v7_structured\data\train_audio\toctou1\XC78203.ogg,XC78203.ogg,XC78203,toctou1,,,,,,,,,,,,,,,19.38284375,19.38284375,0.14364269375801086,0.021022872999310493,0.5924797435798267,8976.663351831929,3418.09523457231,0.04420202597975731,0.2004950495049505
C:\Users\yeyuy\Downloads\projet_ml_audio_classique_v7_structured\projet_ml_audio_classique_v7_structured\data\train_audio\whbant2\iNat1647785.ogg,iNat1647785.ogg,iNat1647785,whbant2,,,,,,,,,,,,,,,33.1855625,30.0,0.01413245964795351,0.006747442297637463,0.576028982459355,9192.996623070829,3366.1566884226745,0.039096344262361526,0.19989339019189764
C:\Users\yeyuy\Downloads\projet_ml_audio_classique_v7_structured\projet_ml_audio_classique_v7_structured\data\train_audio\whlspi1\iNat1624316.ogg,iNat1624316.ogg,iNat1624316,whlspi1,,,,,,,,,,,,,,,8.832,8.832,0.07308389991521835,0.02852882258594036,0.505537091715642,8155.664252986005,3350.7539712413736,0.021102726459503174,0.2007233273056058
C:\Users\yeyuy\Downloads\projet_ml_audio_classique_v7_structured\projet_ml_audio_classique_v7_structured\data\train_audio\burowl\XC135727.ogg,XC135727.ogg,XC135727,burowl,,,,,,,,,,,,,,,86.17796875,30.0,0.026282113045454025,0.022006114944815636,0.4676386135727612,7783.2855048334095,3504.014238534929,0.052411507815122604,0.19989339019189764
C:\Users\yeyuy\Downloads\projet_ml_audio_classique_v7_structured\projet_ml_audio_classique_v7_structured\data\train_audio\pabspi1\XC356781.ogg,XC356781.ogg,XC356781,pabspi1,,,,,,,,,,,,,,,28.39509375,28.39509375,0.038556888699531555,0.04563632234930992,0.4618818772007042,7553.5832379002995,3627.124353535681,0.05443096160888672,0.2
C:\Users\yeyuy\Downloads\projet_ml_audio_classique_v7_structured\projet_ml_audio_classique_v7_structured\data\train_audio\sofspi1\XC743242.ogg,XC743242.ogg,XC743242,sofspi1,,,,,,,,,,,,,,,10.24,10.24,0.0559019073843956,0.04325901344418526,0.580711900351014,8555.965924104717,3487.8107232560697,0.018203487619757652,0.1996879875195008
C:\Users\yeyuy\Downloads\projet_ml_audio_classique_v7_structured\projet_ml_audio_classique_v7_structured\data\train_audio\saytan1\iNat1467980.ogg,iNat1467980.ogg,iNat1467980,saytan1,,,,,,,,,,,,,,,6.66571875,6.66571875,0.008373483084142208,0.003921873867511749,0.6595590714928058,9691.793751144729,3427.1777888977626,0.013948925770819187,0.2014388489208633
C:\Users\yeyuy\Downloads\projet_ml_audio_classique_v7_structured\projet_ml_audio_classique_v7_structured\data\train_audio\magant1\XC9557.ogg,XC9557.ogg,XC9557,magant1,,,,,,,,,,,,,,,16.901,16.901,0.11681032925844193,0.03916747123003006,0.358258466621334,6387.215482667003,2673.265255023107,0.004347026348114014,0.20056764427625354
C:\Users\yeyuy\Downloads\projet_ml_audio_classique_v7_structured\projet_ml_audio_classique_v7_structured\data\train_audio\chacha1\XC417966.ogg,XC417966.ogg,XC417966,chacha1,,,,,,,,,,,,,,,638.24978125,30.0,0.04522288590669632,0.022109882906079292,0.35738491554504265,6391.798732973721,3266.2528225818664,0.03913760557770729,0.19989339019189764
C:\Users\yeyuy\Downloads\projet_ml_audio_classique_v7_structured\projet_ml_audio_classique_v7_structured\data\train_audio\mabpar\iNat591256.ogg,iNat591256.ogg,iNat591256,mabpar,,,,,,,,,,,,,,,31.97796875,30.0,0.0329105444252491,0.030099092051386833,0.2703227549473614,4967.210153140746,3142.476220443035,0.027452770620584488,0.19989339019189764
C:\Users\yeyuy\Downloads\projet_ml_audio_classique_v7_structured\projet_ml_audio_classique_v7_structured\data\train_audio\bkhpar\XC1016212.ogg,XC1016212.ogg,XC1016212,bkhpar,,,,,,,,,,,,,,,33.1755,30.0,0.017335711047053337,0.019363904371857643,0.4253497093216951,7129.085368843286,2984.7597482667675,0.03193197771906853,0.19989339019189764
C:\Users\yeyuy\Downloads\projet_ml_audio_classique_v7_structured\projet_ml_audio_classique_v7_structured\data\train_audio\astcra1\XC349235.ogg,XC349235.ogg,XC349235,astcra1,,,,,,,,,,,,,,,50.568,30.0,0.18938495218753815,0.01830182410776615,0.3103074193763326,5517.07463314796,2494.7520883677366,0.0008815393084660172,0.19989339019189764
C:\Users\yeyuy\Downloads\projet_ml_audio_classique_v7_structured\projet_ml_audio_classique_v7_structured\data\train_audio\sabspa1\XC194657.ogg,XC194657.ogg,XC194657,sabspa1,,,,,,,,,,,,,,,13.06121875,13.06121875,0.06953314691781998,0.05635175481438637,0.40247822158047736,6221.884005979153,2063.817909469677,0.0008269182872027159,0.200734394124847
C:\Users\yeyuy\Downloads\projet_ml_audio_classique_v7_structured\projet_ml_audio_classique_v7_structured\data\train_audio\oliwoo1\XC254529.ogg,XC254529.ogg,XC254529,oliwoo1,,,,,,,,,,,,,,,39.52325,30.0,0.03516272455453873,0.04113467037677765,0.3112610774253731,5874.8481174200915,3212.604476208313,0.029869765043258667,0.19989339019189764
C:\Users\yeyuy\Downloads\projet_ml_audio_classique_v7_structured\projet_ml_audio_classique_v7_structured\data\train_audio\bunibi1\XC9035.ogg,XC9035.ogg,XC9035,bunibi1,,,,,,,,,,,,,,,31.843,30.0,0.09721522778272629,0.06785896420478821,0.3127402364572228,5553.021340781171,2465.629913799187,0.006463900674134493,0.19989339019189764
C:\Users\yeyuy\Downloads\projet_ml_audio_classique_v7_structured\projet_ml_audio_classique_v7_structured\data\train_audio\rufcas2\iNat1191045.ogg,iNat1191045.ogg,iNat1191045,rufcas2,,,,,,,,,,,,,,,3.866125,3.866125,0.050296664237976074,0.0828457772731781,0.351467668517562,6302.865609804836,3320.7360916978687,0.01907174475491047,0.2024793388429752
C:\Users\yeyuy\Downloads\projet_ml_audio_classique_v7_structured\projet_ml_audio_classique_v7_structured\data\train_audio\ficman1\XC763333.ogg,XC763333.ogg,XC763333,ficman1,,,,,,,,,,,,,,,26.65571875,26.65571875,0.036956220865249634,0.013417648151516914,0.39019943915066024,6817.14822972402,3423.955628193863,0.043489087373018265,0.1998799519807923
C:\Users\yeyuy\Downloads\projet_ml_audio_classique_v7_structured\projet_ml_audio_classique_v7_structured\data\train_audio\greyel\XC298166.ogg,XC298166.ogg,XC298166,greyel,,,,,,,,,,,,,,,28.968,28.968,0.04884760081768036,0.02859470434486866,0.5351710790826891,8097.706410761429,3704.132606852289,0.06164141371846199,0.19988956377691883
C:\Users\yeyuy\Downloads\projet_ml_audio_classique_v7_structured\projet_ml_audio_classique_v7_structured\data\train_audio\67252\iNat1257838.ogg,iNat1257838.ogg,iNat1257838,67252,,,,,,,,,,,,,,,11.389375,11.389375,0.0910244956612587,0.08855865150690079,0.2769843969452247,4893.182202583392,2525.669420563161,0.004089455120265484,0.20084269662921347
C:\Users\yeyuy\Downloads\projet_ml_audio_classique_v7_structured\projet_ml_audio_classique_v7_structured\data\train_audio\326272\iNat1693789.ogg,iNat1693789.ogg,iNat1693789,326272,,,,,,,,,,,,,,,49.162,30.0,0.12492180615663528,0.06559634208679199,0.18695185484408317,4144.145567318567,2786.5623947010713,0.003477381309494376,0.19989339019189764
C:\Users\yeyuy\Downloads\projet_ml_audio_classique_v7_structured\projet_ml_audio_classique_v7_structured\data\train_audio\rivwar1\XC725252.ogg,XC725252.ogg,XC725252,rivwar1,,,,,,,,,,,,,,,9.717,9.717,0.05292196571826935,0.06836765259504318,0.2611846923828125,4732.734232744146,2701.980699089957,0.008953729644417763,0.20065789473684212
C:\Users\yeyuy\Downloads\projet_ml_audio_classique_v7_structured\projet_ml_audio_classique_v7_structured\data\train_audio\magtan2\iNat561404.ogg,iNat561404.ogg,iNat561404,magtan2,,,,,,,,,,,,,,,27.392,27.392,0.013330779038369656,0.018584927543997765,0.4457908046920607,7282.915075367888,3403.014423698289,0.044676732271909714,0.20023350846468185
C:\Users\yeyuy\Downloads\projet_ml_audio_classique_v7_structured\projet_ml_audio_classique_v7_structured\data\train_audio\516975\iNat22239.ogg,iNat22239.ogg,iNat22239,516975,,,,,,,,,,,,,,,41.9816875,30.0,0.006471610628068447,0.005104908719658852,0.3116202608608742,5753.308872081747,3706.419352086849,0.0639016330242157,0.19989339019189764
C:\Users\yeyuy\Downloads\projet_ml_audio_classique_v7_structured\projet_ml_audio_classique_v7_structured\data\train_audio\24287\iNat574406.ogg,iNat574406.ogg,iNat574406,24287,,,,,,,,,,,,,,,11.472,11.472,0.03943880647420883,0.039347581565380096,0.28220956106371864,4514.944315277118,1326.5408702132472,0.003928678575903177,0.20055710306406685
C:\Users\yeyuy\Downloads\projet_ml_audio_classique_v7_structured\projet_ml_audio_classique_v7_structured\data\train_audio\yehcar1\iNat1628411.ogg,iNat1628411.ogg,iNat1628411,yehcar1,,,,,,,,,,,,,,,6.86109375,6.86109375,0.029002856463193893,0.05163418874144554,0.5423871376019813,8552.598557263953,2911.342825871166,0.0424688346683979,0.20046620046620048
C:\Users\yeyuy\Downloads\projet_ml_audio_classique_v7_structured\projet_ml_audio_classique_v7_structured\data\train_audio\yecpar\iNat1315144.ogg,iNat1315144.ogg,iNat1315144,yecpar,,,,,,,,,,,,,,,29.9764375,29.9764375,0.03756451606750488,0.04078274965286255,0.40681306071571505,6666.547212382233,2696.8758921267736,0.027663717046380043,0.2001067235859125
C:\Users\yeyuy\Downloads\projet_ml_audio_classique_v7_structured\projet_ml_audio_classique_v7_structured\data\train_audio\soulap1\XC959661.ogg,XC959661.ogg,XC959661,soulap1,,,,,,,,,,,,,,,53.128,30.0,0.03107093647122383,0.0460616797208786,0.3800785414445629,6730.183759238596,3393.354051024671,0.03757345676422119,0.19989339019189764
C:\Users\yeyuy\Downloads\projet_ml_audio_classique_v7_structured\projet_ml_audio_classique_v7_structured\data\train_audio\grekis\XC575562.ogg,XC575562.ogg,XC575562,grekis,,,,,,,,,,,,,,,31.085,30.0,0.05531976744532585,0.03766787797212601,0.46022095507396055,7428.256574256588,2622.323004168627,0.00916568748652935,0.19989339019189764
C:\Users\yeyuy\Downloads\projet_ml_audio_classique_v7_structured\projet_ml_audio_classique_v7_structured\data\train_audio\22930\iNat1248662.ogg,iNat1248662.ogg,iNat1248662,22930,,,,,,,,,,,,,,,30.95221875,30.0,0.019151346758008003,0.05281965807080269,0.335819594133129,6014.15486332871,3473.433732409043,0.04833632707595825,0.19989339019189764
C:\Users\yeyuy\Downloads\projet_ml_audio_classique_v7_structured\projet_ml_audio_classique_v7_structured\data\train_audio\rufhor2\XC418809.ogg,XC418809.ogg,XC418809,rufhor2,,,,,,,,,,,,,,,8.986125,8.986125,0.07146129757165909,0.039223525673151016,0.2744349143683274,5409.866255470644,3122.0219293683426,0.0169021375477314,0.20106761565836298
C:\Users\yeyuy\Downloads\projet_ml_audio_classique_v7_structured\projet_ml_audio_classique_v7_structured\data\train_audio\blchaw1\iNat1638911.ogg,iNat1638911.ogg,iNat1638911,blchaw1,,,,,,,,,,,,,,,20.48,20.48,0.05979166552424431,0.03711164370179176,0.5210971043130367,8168.119468728134,2311.6460081216096,0.00473990011960268,0.19984387197501952
C:\Users\yeyuy\Downloads\projet_ml_audio_classique_v7_structured\projet_ml_audio_classique_v7_structured\data\train_audio\phecuc1\XC257734.ogg,XC257734.ogg,XC257734,phecuc1,,,,,,,,,,,,,,,21.91675,21.91675,0.07260575145483017,0.08158229291439056,0.4614182966468978,7651.023938285804,2568.7078306012736,0.0048845079727470875,0.2
C:\Users\yeyuy\Downloads\projet_ml_audio_classique_v7_structured\projet_ml_audio_classique_v7_structured\data\train_audio\fotfly\XC212466.ogg,XC212466.ogg,XC212466,fotfly,,,,,,,,,,,,,,,7.848,7.848,0.014489647932350636,0.01498331781476736,0.5088487302698574,8178.362130337634,3485.7416640889373,0.041780710220336914,0.19959266802443992
C:\Users\yeyuy\Downloads\projet_ml_audio_classique_v7_structured\projet_ml_audio_classique_v7_structured\data\train_audio\rufgna3\XC414067.ogg,XC414067.ogg,XC414067,rufgna3,,,,,,,,,,,,,,,19.8530625,19.8530625,0.007806672714650631,0.021710360422730446,0.43527224138799353,6543.21902469693,2321.0375952999193,0.0032546098809689283,0.1998388396454472
C:\Users\yeyuy\Downloads\projet_ml_audio_classique_v7_structured\projet_ml_audio_classique_v7_structured\data\train_audio\hyamac1\XC795070.ogg,XC795070.ogg,XC795070,hyamac1,,,,,,,,,,,,,,,40.08,30.0,0.027229730039834976,0.04020807892084122,0.409579214002532,6763.8813141469245,3697.612222965932,0.03773792088031769,0.19989339019189764
C:\Users\yeyuy\Downloads\projet_ml_audio_classique_v7_structured\projet_ml_audio_classique_v7_structured\data\train_audio\strher2\XC934679.ogg,XC934679.ogg,XC934679,strher2,,,,,,,,,,,,,,,5.6685625,5.6685625,0.09649062901735306,0.04744008183479309,0.33331040933098594,5138.585888194242,1826.7768612871835,0.002012590877711773,0.2
C:\Users\yeyuy\Downloads\projet_ml_audio_classique_v7_structured\projet_ml_audio_classique_v7_structured\data\train_audio\compau\XC796934.ogg,XC796934.ogg,XC796934,compau,,,,,,,,,,,,,,,78.87334375,30.0,0.024869028478860855,0.031854528933763504,0.3047994194762793,6083.653165154896,3435.7299011319506,0.030063627287745476,0.19989339019189764
C:\Users\yeyuy\Downloads\projet_ml_audio_classique_v7_structured\projet_ml_audio_classique_v7_structured\data\train_audio\squcuc1\XC961358.ogg,XC961358.ogg,XC961358,squcuc1,,,,,,,,,,,,,,,12.355,12.355,0.10626856237649918,0.035854771733284,0.41245995209411385,6722.842844100175,2709.8266375135927,0.004533869214355946,0.20051746442432083
C:\Users\yeyuy\Downloads\projet_ml_audio_classique_v7_structured\projet_ml_audio_classique_v7_structured\data\train_audio\555145\XC903862.ogg,XC903862.ogg,XC903862,555145,,,,,,,,,,,,,,,43.71353125,30.0,0.15325121581554413,0.03758428990840912,0.4149719108142324,6553.648213736515,1828.4373150916006,0.0010237571550533175,0.19989339019189764
C:\Users\yeyuy\Downloads\projet_ml_audio_classique_v7_structured\projet_ml_audio_classique_v7_structured\data\train_audio\23150\iNat1243039.ogg,iNat1243039.ogg,iNat1243039,23150,,,,,,,,,,,,,,,19.94840625,19.94840625,0.061725955456495285,0.07100678980350494,0.19333392329089816,3212.491204482335,2522.4979486687416,0.003464393550530076,0.20048115477145148
C:\Users\yeyuy\Downloads\projet_ml_audio_classique_v7_structured\projet_ml_audio_classique_v7_structured\data\train_audio\65380\iNat578404.ogg,iNat578404.ogg,iNat578404,65380,,,,,,,,,,,,,,,7.9876875,7.9876875,0.10788924992084503,0.033258214592933655,0.3043193359375,4889.412479702947,1607.5065653914044,0.0032900727819651365,0.2
C:\Users\yeyuy\Downloads\projet_ml_audio_classique_v7_structured\projet_ml_audio_classique_v7_structured\data\train_audio\pirfly1\XC407701.ogg,XC407701.ogg,XC407701,pirfly1,,,,,,,,,,,,,,,14.001625,14.001625,0.018681678920984268,0.05828455090522766,0.3361844276184361,5760.458632705812,2729.9842629439736,0.007138803135603666,0.1997716894977169
C:\Users\yeyuy\Downloads\projet_ml_audio_classique_v7_structured\projet_ml_audio_classique_v7_structured\data\train_audio\74580\iNat1152501.ogg,iNat1152501.ogg,iNat1152501,74580,,,,,,,,,,,,,,,4.6904375,4.6904375,0.13050206005573273,0.14562219381332397,0.4629487537202381,7206.793242085168,2708.8070790645797,0.028990084305405617,0.20068027210884354
C:\Users\yeyuy\Downloads\projet_ml_audio_classique_v7_structured\projet_ml_audio_classique_v7_structured\data\train_audio\dwatin1\XC304650.ogg,XC304650.ogg,XC304650,dwatin1,,,,,,,,,,,,,,,19.2,19.2,0.012851807288825512,0.012181642465293407,0.49379626678288924,8047.474485226552,3547.408132462095,0.05822182074189186,0.19983347210657784
C:\Users\yeyuy\Downloads\projet_ml_audio_classique_v7_structured\projet_ml_audio_classique_v7_structured\data\train_audio\grepot1\iNat1214104.ogg,iNat1214104.ogg,iNat1214104,grepot1,,,,,,,,,,,,,,,3.0,3.0,0.18322047591209412,0.03421900421380997,0.36928087599734044,6340.740746655608,2224.60528977404,0.0036214308347553015,0.20212765957446807
C:\Users\yeyuy\Downloads\projet_ml_audio_classique_v7_structured\projet_ml_audio_classique_v7_structured\data\train_audio\roahaw\XC808640.ogg,XC808640.ogg,XC808640,roahaw,,,,,,,,,,,,,,,46.76759375,30.0,0.023661989718675613,0.03709554672241211,0.3490789287380064,5968.574581952406,2801.6377254437916,0.025709785521030426,0.19989339019189764
C:\Users\yeyuy\Downloads\projet_ml_audio_classique_v7_structured\projet_ml_audio_classique_v7_structured\data\train_audio\baymac\XC526121.ogg,XC526121.ogg,XC526121,baymac,,,,,,,,,,,,,,,48.84896875,30.0,0.024510104209184647,0.028400661423802376,0.4299295584021855,7083.685618257084,3991.0836038642833,0.04946255311369896,0.19989339019189764
C:\Users\yeyuy\Downloads\projet_ml_audio_classique_v7_structured\projet_ml_audio_classique_v7_structured\data\train_audio\masgna1\XC346507.ogg,XC346507.ogg,XC346507,masgna1,,,,,,,,,,,,,,,34.821,30.0,0.05046413466334343,0.07119017094373703,0.34476898778984544,6369.497873604063,2834.528703523669,0.011884997598826885,0.19989339019189764
C:\Users\yeyuy\Downloads\projet_ml_audio_classique_v7_structured\projet_ml_audio_classique_v7_structured\data\train_audio\socfly1\XC803524.ogg,XC803524.ogg,XC803524,socfly1,,,,,,,,,,,,,,,23.7928125,23.7928125,0.03833627328276634,0.011390658095479012,0.41554014144405244,6821.174162792684,2903.197359000352,0.011329143308103085,0.20026881720430106
C:\Users\yeyuy\Downloads\projet_ml_audio_classique_v7_structured\projet_ml_audio_classique_v7_structured\data\train_audio\compot1\iNat854044.ogg,iNat854044.ogg,iNat854044,compot1,,,,,,,,,,,,,,,4.61109375,4.61109375,0.10246886312961578,0.09357357025146484,0.2998452368079585,6907.809549726821,4232.36121236388,0.027770962566137314,0.20069204152249134
C:\Users\yeyuy\Downloads\projet_ml_audio_classique_v7_structured\projet_ml_audio_classique_v7_structured\data\train_audio\74113\XC987237.ogg,XC987237.ogg,XC987237,74113,,,,,,,,,,,,,,,30.0,30.0,0.02310320734977722,0.059181828051805496,0.26819602462020253,5243.589119267133,3483.6242175937996,0.056428492069244385,0.19989339019189764
C:\Users\yeyuy\Downloads\projet_ml_audio_classique_v7_structured\projet_ml_audio_classique_v7_structured\data\train_audio\picpig2\XC920669.ogg,XC920669.ogg,XC920669,picpig2,,,,,,,,,,,,,,,31.8955,30.0,0.019790027290582657,0.02714112401008606,0.2939650936167377,5539.066085761689,3017.728402307174,0.011044527404010296,0.19989339019189764
C:\Users\yeyuy\Downloads\projet_ml_audio_classique_v7_structured\projet_ml_audio_classique_v7_structured\data\train_audio\crebec1\XC412203.ogg,XC412203.ogg,XC412203,crebec1,,,,,,,,,,,,,,,8.07184375,8.07184375,0.015668928623199463,0.03522040694952011,0.37637782332920794,6217.978042264069,2818.174513416573,0.013698977418243885,0.2
C:\Users\yeyuy\Downloads\projet_ml_audio_classique_v7_structured\projet_ml_audio_classique_v7_structured\data\train_audio\whnjay1\XC113192.ogg,XC113192.ogg,XC113192,whnjay1,,,,,,,,,,,,,,,15.9869375,15.9869375,0.015862779691815376,0.03334374725818634,0.44839306640625,7175.076378893327,3649.4557509277984,0.07486546039581299,0.2
C:\Users\yeyuy\Downloads\projet_ml_audio_classique_v7_structured\projet_ml_audio_classique_v7_structured\data\train_audio\43435\iNat62638.ogg,iNat62638.ogg,iNat62638,43435,,,,,,,,,,,,,,,92.01009375,30.0,0.006904690992087126,0.003971091005951166,0.5516635919176439,8335.832710957746,3806.5648306782155,0.07492789626121521,0.19989339019189764
C:\Users\yeyuy\Downloads\projet_ml_audio_classique_v7_structured\projet_ml_audio_classique_v7_structured\data\train_audio\relser1\XC481398.ogg,XC481398.ogg,XC481398,relser1,,,,,,,,,,,,,,,6.12,6.12,0.07034803926944733,0.0727783739566803,0.23057584040469975,3805.290050351021,1895.0300726960993,0.0031228389125317335,0.2010443864229765
C:\Users\yeyuy\Downloads\projet_ml_audio_classique_v7_structured\projet_ml_audio_classique_v7_structured\data\train_audio\limpki\iNat1487957.ogg,iNat1487957.ogg,iNat1487957,limpki,,,,,,,,,,,,,,,8.4616875,8.4616875,0.17902830243110657,0.03141842037439346,0.353909757502363,7405.5904091180855,3799.277449296573,0.023887477815151215,0.2003780718336484
C:\Users\yeyuy\Downloads\projet_ml_audio_classique_v7_structured\projet_ml_audio_classique_v7_structured\data\train_audio\orbtro3\XC341787.ogg,XC341787.ogg,XC341787,orbtro3,,,,,,,,,,,,,,,48.19590625,30.0,0.050622690469026566,0.058954715728759766,0.3707460187899787,7265.806576527556,3888.472413502712,0.05316619947552681,0.19989339019189764
C:\Users\yeyuy\Downloads\projet_ml_audio_classique_v7_structured\projet_ml_audio_classique_v7_structured\data\train_audio\1176823\iNat845830.ogg,iNat845830.ogg,iNat845830,1176823,,,,,,,,,,,,,,,21.0,21.0,0.18470534682273865,0.03073965013027191,0.2700273407749429,4436.397909158101,2014.3570567712043,0.001254293485544622,0.2003046458492003
C:\Users\yeyuy\Downloads\projet_ml_audio_classique_v7_structured\projet_ml_audio_classique_v7_structured\data\train_audio\crbthr1\iNat155267.ogg,iNat155267.ogg,iNat155267,crbthr1,,,,,,,,,,,,,,,26.80828125,26.80828125,0.11571083217859268,0.026038071140646935,0.38986023968899164,7649.329407525324,3038.0073728195916,0.0034149731509387493,0.19988066825775655
C:\Users\yeyuy\Downloads\projet_ml_audio_classique_v7_structured\projet_ml_audio_classique_v7_structured\data\train_audio\bafcur1\XC830112.ogg,XC830112.ogg,XC830112,bafcur1,,,,,,,,,,,,,,,19.8,19.8,0.017821460962295532,0.01175613421946764,0.31080403119951533,5070.389102560099,2731.3032713279586,0.006950888317078352,0.20032310177705978
C:\Users\yeyuy\Downloads\projet_ml_audio_classique_v7_structured\projet_ml_audio_classique_v7_structured\data\train_audio\paltan1\iNat310386.ogg,iNat310386.ogg,iNat310386,paltan1,,,,,,,,,,,,,,,11.63321875,11.63321875,0.046283479779958725,0.03457082435488701,0.26809927133413464,5373.756823226375,3749.5528178413074,0.03584255278110504,0.20054945054945056
C:\Users\yeyuy\Downloads\projet_ml_audio_classique_v7_structured\projet_ml_audio_classique_v7_structured\data\train_audio\purjay1\iNat1553242.ogg,iNat1553242.ogg,iNat1553242,purjay1,,,,,,,,,,,,,,,69.6,30.0,0.03940538316965103,0.04153547063469887,0.3008817172507996,5326.375310080527,2654.0576943438728,0.0181313157081604,0.19989339019189764
C:\Users\yeyuy\Downloads\projet_ml_audio_classique_v7_structured\projet_ml_audio_classique_v7_structured\data\train_audio\glteme1\XC741872.ogg,XC741872.ogg,XC741872,glteme1,,,,,,,,,,,,,,,9.90040625,9.90040625,0.09985337406396866,0.07434812933206558,0.4269021670537157,6807.472604680232,2467.6413724882773,0.010030237957835197,0.20032310177705978
C:\Users\yeyuy\Downloads\projet_ml_audio_classique_v7_structured\projet_ml_audio_classique_v7_structured\data\train_audio\flawar1\iNat608905.ogg,iNat608905.ogg,iNat608905,flawar1,,,,,,,,,,,,,,,26.33140625,26.33140625,0.0072784037329256535,0.00883216317743063,0.40210910208459905,6504.967342223028,3066.888976938617,0.046818915754556656,0.19987849331713245
C:\Users\yeyuy\Downloads\projet_ml_audio_classique_v7_structured\projet_ml_audio_classique_v7_structured\data\train_audio\rinkin1\XC156990.ogg,XC156990.ogg,XC156990,rinkin1,,,,,,,,,,,,,,,4.392,4.392,0.022368567064404488,0.03731883317232132,0.4959002130681818,7626.655340765534,3238.1579740598518,0.042815081775188446,0.2
C:\Users\yeyuy\Downloads\projet_ml_audio_classique_v7_structured\projet_ml_audio_classique_v7_structured\data\train_audio\66971\iNat1337447.ogg,iNat1337447.ogg,iNat1337447,66971,,,,,,,,,,,,,,,10.84853125,10.84853125,0.03209981322288513,0.046118106693029404,0.5884306827595729,8915.73082698902,3523.147253994162,0.03705740347504616,0.20029455081001474
C:\Users\yeyuy\Downloads\projet_ml_audio_classique_v7_structured\projet_ml_audio_classique_v7_structured\data\train_audio\whbwar2\iNat1460265.ogg,iNat1460265.ogg,iNat1460265,whbwar2,,,,,,,,,,,,,,,12.5168125,12.5168125,0.058253929018974304,0.08140382170677185,0.3883413653416347,6529.049796457051,2594.7212462913535,0.029629899188876152,0.20051085568326948
C:\Users\yeyuy\Downloads\projet_ml_audio_classique_v7_structured\projet_ml_audio_classique_v7_structured\data\train_audio\brcmar1\iNat319445.ogg,iNat319445.ogg,iNat319445,brcmar1,,,,,,,,,,,,,,,17.536,17.536,0.0445433184504509,0.04858088493347168,0.3565899719405196,6318.092459601455,3262.3356289175485,0.05836285278201103,0.20054694621695535
C:\Users\yeyuy\Downloads\projet_ml_audio_classique_v7_structured\projet_ml_audio_classique_v7_structured\data\train_audio\25092\iNat1727229.ogg,iNat1727229.ogg,iNat1727229,25092,,,,,,,,,,,,,,,4.07509375,4.07509375,0.17943130433559418,0.12002259492874146,0.357391237745098,5985.9306724503585,1678.4562110230534,0.00151013711001724,0.2
C:\Users\yeyuy\Downloads\projet_ml_audio_classique_v7_structured\projet_ml_audio_classique_v7_structured\data\train_audio\recfin1\XC450973.ogg,XC450973.ogg,XC450973,recfin1,,,,,,,,,,,,,,,28.7085625,28.7085625,0.019154954701662064,0.033132512122392654,0.30223630092270193,5243.55842927266,2436.5856631815,0.0026384249795228243,0.2
C:\Users\yeyuy\Downloads\projet_ml_audio_classique_v7_structured\projet_ml_audio_classique_v7_structured\data\train_audio\linwoo1\XC440193.ogg,XC440193.ogg,XC440193,linwoo1,,,,,,,,,,,,,,,45.89715625,30.0,0.035481493920087814,0.020937616005539894,0.34672549640191896,6022.0756719106,2197.5283498103286,0.0023405354004353285,0.19989339019189764
C:\Users\yeyuy\Downloads\projet_ml_audio_classique_v7_structured\projet_ml_audio_classique_v7_structured\data\train_audio\64898\iNat16952.ogg,iNat16952.ogg,iNat16952,64898,,,,,,,,,,,,,,,25.31265625,25.31265625,0.05410481244325638,0.10218057036399841,0.31477977682801644,5607.114113400161,3063.191546779783,0.0335969515144825,0.20025268477574226
C:\Users\yeyuy\Downloads\projet_ml_audio_classique_v7_structured\projet_ml_audio_classique_v7_structured\data\train_audio\22985\iNat1421747.ogg,iNat1421747.ogg,iNat1421747,22985,,,,,,,,,,,,,,,15.2316875,15.2316875,0.04354606196284294,0.03878431022167206,0.4076117507549895,6658.083966824017,2543.6850076137625,0.010521141812205315,0.20063025210084034
C:\Users\yeyuy\Downloads\projet_ml_audio_classique_v7_structured\projet_ml_audio_classique_v7_structured\data\train_audio\yebcar\XC360591.ogg,XC360591.ogg,XC360591,yebcar,,,,,,,,,,,,,,,16.7445,16.7445,0.04360520467162132,0.05642535164952278,0.3433013595391595,6157.604426624836,3022.7136128585603,0.015430208295583725,0.20057306590257878
C:\Users\yeyuy\Downloads\projet_ml_audio_classique_v7_structured\projet_ml_audio_classique_v7_structured\data\train_audio\smbtin1\XC301352.ogg,XC301352.ogg,XC301352,smbtin1,,,,,,,,,,,,,,,3.72,3.72,0.027666395530104637,0.010815568268299103,0.2839219252950644,5806.215717279929,2784.0114547536446,0.005853957962244749,0.2017167381974249
C:\Users\yeyuy\Downloads\projet_ml_audio_classique_v7_structured\projet_ml_audio_classique_v7_structured\data\train_audio\22956\iNat886570.ogg,iNat886570.ogg,iNat886570,22956,,,,,,,,,,,,,,,65.933,30.0,0.16813363134860992,0.02935120090842247,0.28642458397188164,6304.9145791341825,3514.940354684367,0.005153311416506767,0.19989339019189764
C:\Users\yeyuy\Downloads\projet_ml_audio_classique_v7_structured\projet_ml_audio_classique_v7_structured\data\train_audio\47144\iNat698048.ogg,iNat698048.ogg,iNat698048,47144,,,,,,,,,,,,,,,23.7863125,23.7863125,0.018590442836284637,0.03838957101106644,0.16871348562542032,4101.053168557398,3477.0907939255203,0.01885407604277134,0.2004034969737727
C:\Users\yeyuy\Downloads\projet_ml_audio_classique_v7_structured\projet_ml_audio_classique_v7_structured\data\train_audio\plasla1\XC325623.ogg,XC325623.ogg,XC325623,plasla1,,,,,,,,,,,,,,,25.152,25.152,0.1760450303554535,0.023104097694158554,0.48066927745549903,9090.767912807827,3978.6595491353437,0.006246338132768869,0.20025429116338206
C:\Users\yeyuy\Downloads\projet_ml_audio_classique_v7_structured\projet_ml_audio_classique_v7_structured\data\train_audio\whtdov\XC818323.ogg,XC818323.ogg,XC818323,whtdov,,,,,,,,,,,,,,,63.03346875,30.0,0.11122902482748032,0.008089088834822178,0.43185613506130066,7856.801699971971,3719.082396604603,0.040466926991939545,0.19989339019189764
C:\Users\yeyuy\Downloads\projet_ml_audio_classique_v7_structured\projet_ml_audio_classique_v7_structured\data\train_audio\rubthr1\XC754853.ogg,XC754853.ogg,XC754853,rubthr1,,,,,,,,,,,,,,,35.448,30.0,0.08050642907619476,0.07282421737909317,0.3367456627298774,6638.640615965876,3973.085564559512,0.04371422156691551,0.19989339019189764
C:\Users\yeyuy\Downloads\projet_ml_audio_classique_v7_structured\projet_ml_audio_classique_v7_structured\data\train_audio\209233\iNat864998.ogg,iNat864998.ogg,iNat864998,209233,,,,,,,,,,,,,,,17.18278125,17.18278125,0.02588590607047081,0.03817874565720558,0.32710024586824954,5728.904250977231,3395.722710013702,0.027131181210279465,0.20018621973929238
C:\Users\yeyuy\Downloads\projet_ml_audio_classique_v7_structured\projet_ml_audio_classique_v7_structured\data\train_audio\555146\iNat1263318.ogg,iNat1263318.ogg,iNat1263318,555146,,,,,,,,,,,,,,,22.12771875,22.12771875,0.1274731159210205,0.020630745217204094,0.42112157108640635,7403.451719319546,2456.8171760607697,0.0019446193473413587,0.2002892263195951
C:\Users\yeyuy\Downloads\projet_ml_audio_classique_v7_structured\projet_ml_audio_classique_v7_structured\data\train_audio\litnig1\XC472520.ogg,XC472520.ogg,XC472520,litnig1,,,,,,,,,,,,,,,24.05878125,24.05878125,0.04746849089860916,0.05011522397398949,0.1612818291846742,5076.873990119513,3686.5918484231693,0.004136018920689821,0.20013297872340424
C:\Users\yeyuy\Downloads\projet_ml_audio_classique_v7_structured\projet_ml_audio_classique_v7_structured\data\train_audio\rumfly1\iNat81164.ogg,iNat81164.ogg,iNat81164,rumfly1,,,,,,,,,,,,,,,9.576,9.576,0.05111449584364891,0.08016537129878998,0.37533910684474125,6695.437690835705,3755.4370297236114,0.05010921508073807,0.2003338898163606
C:\Users\yeyuy\Downloads\projet_ml_audio_classique_v7_structured\projet_ml_audio_classique_v7_structured\data\train_audio\ocecra1\iNat886977.ogg,iNat886977.ogg,iNat886977,ocecra1,,,,,,,,,,,,,,,23.52915625,23.52915625,0.15807291865348816,0.021015604957938194,0.5027550879503739,8909.353565276058,2837.7081869408357,0.005401496775448322,0.19986403806934058
C:\Users\yeyuy\Downloads\projet_ml_audio_classique_v7_structured\projet_ml_audio_classique_v7_structured\data\train_audio\y00678\XC939271.ogg,XC939271.ogg,XC939271,y00678,,,,,,,,,,,,,,,6.06,6.06,0.039975378662347794,0.030786246061325073,0.31290453908311344,5964.575950911627,3382.427663142572,0.03507925570011139,0.20052770448548812
C:\Users\yeyuy\Downloads\projet_ml_audio_classique_v7_structured\projet_ml_audio_classique_v7_structured\data\train_audio\22983\iNat585817.ogg,iNat585817.ogg,iNat585817,22983,,,,,,,,,,,,,,,10.62384375,10.62384375,0.02253371849656105,0.005056931171566248,0.49770419568900603,8036.400520501493,3722.602574847511,0.04971490427851677,0.2003012048192771
C:\Users\yeyuy\Downloads\projet_ml_audio_classique_v7_structured\projet_ml_audio_classique_v7_structured\data\train_audio\brnowl\XC583813.ogg,XC583813.ogg,XC583813,brnowl,,,,,,,,,,,,,,,16.848,16.848,0.015747250989079475,0.04535667970776558,0.4806369151743359,7540.105987175594,3617.6630328493006,0.09414330869913101,0.20018975332068312
C:\Users\yeyuy\Downloads\projet_ml_audio_classique_v7_structured\projet_ml_audio_classique_v7_structured\data\train_audio\orwpar\XC606608.ogg,XC606608.ogg,XC606608,orwpar,,,,,,,,,,,,,,,8.232,8.232,0.04247075691819191,0.05346738547086716,0.220703125,4439.166790716775,2619.5605456001026,0.014254004694521427,0.2
C:\Users\yeyuy\Downloads\projet_ml_audio_classique_v7_structured\projet_ml_audio_classique_v7_structured\data\train_audio\wesfie1\XC407634.ogg,XC407634.ogg,XC407634,wesfie1,,,,,,,,,,,,,,,34.44,30.0,0.10594570636749268,0.08763870596885681,0.2622913612739872,5657.610369054149,3590.8678152165576,0.02157958410680294,0.19989339019189764
C:\Users\yeyuy\Downloads\projet_ml_audio_classique_v7_structured\projet_ml_audio_classique_v7_structured\data\train_audio\souscr1\iNat852719.ogg,iNat852719.ogg,iNat852719,souscr1,,,,,,,,,,,,,,,20.36390625,20.36390625,0.007442197296768427,0.007358266040682793,0.33034623858503537,5523.560306235282,2237.218877546408,0.006228244863450527,0.20031421838177532
C:\Users\yeyuy\Downloads\projet_ml_audio_classique_v7_structured\projet_ml_audio_classique_v7_structured\data\train_audio\1161364\iNat810195.ogg,iNat810195.ogg,iNat810195,1161364,,,,,,,,,,,,,,,80.016,30.0,0.18918465077877045,0.01695054955780506,0.420784696078758,7565.425471791276,3194.9814941746795,0.011174391955137253,0.19989339019189764
C:\Users\yeyuy\Downloads\projet_ml_audio_classique_v7_structured\projet_ml_audio_classique_v7_structured\data\train_audio\trokin\XC705422.ogg,XC705422.ogg,XC705422,trokin,,,,,,,,,,,,,,,11.688,11.688,0.07359441369771957,0.07685785740613937,0.31743558160909713,5793.762237318708,2453.0549149473763,0.003901001764461398,0.1997264021887825
C:\Users\yeyuy\Downloads\projet_ml_audio_classique_v7_structured\projet_ml_audio_classique_v7_structured\data\train_audio\scther1\XC299642.ogg,XC299642.ogg,XC299642,scther1,,,,,,,,,,,,,,,56.448,30.0,0.04582906886935234,0.06040319427847862,0.416247272288113,6915.361243587059,3646.630117039459,0.05974378436803818,0.19989339019189764
C:\Users\yeyuy\Downloads\projet_ml_audio_classique_v7_structured\projet_ml_audio_classique_v7_structured\data\train_audio\chbmoc1\iNat139031.ogg,iNat139031.ogg,iNat139031,chbmoc1,,,,,,,,,,,,,,,6.6409375,6.6409375,0.06043392792344093,0.04260073974728584,0.2110877403846154,4250.732328769673,3030.042605054806,0.05928798392415047,0.19951923076923078
C:\Users\yeyuy\Downloads\projet_ml_audio_classique_v7_structured\projet_ml_audio_classique_v7_structured\data\train_audio\shtnig1\XC680230.ogg,XC680230.ogg,XC680230,shtnig1,,,,,,,,,,,,,,,9.639,9.639,0.11932630091905594,0.03805629909038544,0.24823068900290216,5473.78752872815,3225.895924557415,0.0035331537947058678,0.20066334991708126
C:\Users\yeyuy\Downloads\projet_ml_audio_classique_v7_structured\projet_ml_audio_classique_v7_structured\data\train_audio\bucpar\iNat1643472.ogg,iNat1643472.ogg,iNat1643472,bucpar,,,,,,,,,,,,,,,34.7809375,30.0,0.025000736117362976,0.0329277366399765,0.4382912446695096,6881.869065428497,2700.52566245347,0.02393505908548832,0.19989339019189764
C:\Users\yeyuy\Downloads\projet_ml_audio_classique_v7_structured\projet_ml_audio_classique_v7_structured\data\train_audio\ashgre1\XC963333.ogg,XC963333.ogg,XC963333,ashgre1,,,,,,,,,,,,,,,8.045,8.045,0.062387850135564804,0.036238253116607666,0.4013671875,6523.413444771859,3041.818551950903,0.011546164751052856,0.20079522862823063
C:\Users\yeyuy\Downloads\projet_ml_audio_classique_v7_structured\projet_ml_audio_classique_v7_structured\data\train_audio\rebscy1\XC151190.ogg,XC151190.ogg,XC151190,rebscy1,,,,,,,,,,,,,,,14.232,14.232,0.06424874067306519,0.07588125765323639,0.37328168890449437,6612.843994057051,3566.8263227275484,0.03829922527074814,0.2
C:\Users\yeyuy\Downloads\projet_ml_audio_classique_v7_structured\projet_ml_audio_classique_v7_structured\data\train_audio\476521\iNat1648597.ogg,iNat1648597.ogg,iNat1648597,476521,,,,,,,,,,,,,,,0.048,0.048,0.13926129043102264,0.058620285242795944,0.1202392578125,3136.8835046906415,2472.011049365152,0.010331297293305397,0.25
C:\Users\yeyuy\Downloads\projet_ml_audio_classique_v7_structured\projet_ml_audio_classique_v7_structured\data\train_audio\738183\iNat492616.ogg,iNat492616.ogg,iNat492616,738183,,,,,,,,,,,,,,,121.3,30.0,0.022413499653339386,0.0423627533018589,0.44953915203558104,6768.287872934096,2494.1870366033486,0.001253129099495709,0.19989339019189764
C:\Users\yeyuy\Downloads\projet_ml_audio_classique_v7_structured\projet_ml_audio_classique_v7_structured\data\train_audio\palhor3\XC298936.ogg,XC298936.ogg,XC298936,palhor3,,,,,,,,,,,,,,,12.48653125,12.48653125,0.04500546306371689,0.008396157994866371,0.40913779909571063,6814.529663337941,2871.836072511322,0.021275391802191734,0.1997439180537772
C:\Users\yeyuy\Downloads\projet_ml_audio_classique_v7_structured\projet_ml_audio_classique_v7_structured\data\train_audio\25214\iNat1242888.ogg,iNat1242888.ogg,iNat1242888,25214,,,,,,,,,,,,,,,7.40828125,7.40828125,0.22233183681964874,0.09794376790523529,0.10403968547952586,2585.9743181256868,2031.013868305727,0.0008770612766966224,0.20043103448275862
C:\Users\yeyuy\Downloads\projet_ml_audio_classique_v7_structured\projet_ml_audio_classique_v7_structured\data\train_audio\scadov1\XC800162.ogg,XC800162.ogg,XC800162,scadov1,,,,,,,,,,,,,,,3.761625,3.761625,0.05364152416586876,0.01582900993525982,0.3302208851959746,6240.920877596957,3093.2853717906833,0.015296352095901966,0.19915254237288135
C:\Users\yeyuy\Downloads\projet_ml_audio_classique_v7_structured\projet_ml_audio_classique_v7_structured\data\train_audio\rutjac1\XC560182.ogg,XC560182.ogg,XC560182,rutjac1,,,,,,,,,,,,,,,5.736,5.736,0.04670073091983795,0.10680461674928665,0.3789824164345404,6736.14393582807,3332.869263794206,0.050397150218486786,0.20055710306406685
C:\Users\yeyuy\Downloads\projet_ml_audio_classique_v7_structured\projet_ml_audio_classique_v7_structured\data\train_audio\eulfly1\XC514669.ogg,XC514669.ogg,XC514669,eulfly1,,,,,,,,,,,,,,,101.43346875,30.0,0.042069513350725174,0.05115348473191261,0.37753953100013327,6653.2111022308645,3266.686760160123,0.020524319261312485,0.19989339019189764
C:\Users\yeyuy\Downloads\projet_ml_audio_classique_v7_structured\projet_ml_audio_classique_v7_structured\data\train_audio\70711\iNat261953.ogg,iNat261953.ogg,iNat261953,70711,,,,,,,,,,,,,,,35.2653125,30.0,0.05601583793759346,0.03997161239385605,0.30628404434301704,5594.802725024001,3637.458406360854,0.043673478066921234,0.19989339019189764
C:\Users\yeyuy\Downloads\projet_ml_audio_classique_v7_structured\projet_ml_audio_classique_v7_structured\data\train_audio\spispi1\iNat1286065.ogg,iNat1286065.ogg,iNat1286065,spispi1,,,,,,,,,,,,,,,32.2399375,30.0,0.06990764290094376,0.05516306310892105,0.5789433135660981,9073.431894546999,3034.1665833718653,0.015744533389806747,0.19989339019189764
C:\Users\yeyuy\Downloads\projet_ml_audio_classique_v7_structured\projet_ml_audio_classique_v7_structured\data\train_audio\baffal1\XC1037397.ogg,XC1037397.ogg,XC1037397,baffal1,,,,,,,,,,,,,,,78.3106875,30.0,0.045921772718429565,0.05984405055642128,0.3294404442630597,5957.512193746265,3541.786542744522,0.04027111828327179,0.19989339019189764
C:\Users\yeyuy\Downloads\projet_ml_audio_classique_v7_structured\projet_ml_audio_classique_v7_structured\data\train_audio\greela\iNat1445578.ogg,iNat1445578.ogg,iNat1445578,greela,,,,,,,,,,,,,,,2.9866875,2.9866875,0.10494213551282883,0.0732564628124237,0.3473168031417112,6122.47723825182,3766.282834298519,0.03605418652296066,0.20320855614973263
C:\Users\yeyuy\Downloads\projet_ml_audio_classique_v7_structured\projet_ml_audio_classique_v7_structured\data\train_audio\shcfly1\iNat1471076.ogg,iNat1471076.ogg,iNat1471076,shcfly1,,,,,,,,,,,,,,,0.144,0.144,0.2363913357257843,0.1521635800600052,0.1865234375,4600.761847485479,2801.2366905581885,0.0038232647348195314,0.2
C:\Users\yeyuy\Downloads\projet_ml_audio_classique_v7_structured\projet_ml_audio_classique_v7_structured\data\train_audio\760266\iNat1101522.ogg,iNat1101522.ogg,iNat1101522,760266,,,,,,,,,,,,,,,3.648,3.648,0.022096063941717148,0.03570205718278885,0.41305182177947597,7002.491776634386,3800.092343673834,0.07680833339691162,0.20087336244541484
C:\Users\yeyuy\Downloads\projet_ml_audio_classique_v7_structured\projet_ml_audio_classique_v7_structured\data\train_audio\rufcac2\XC128562.ogg,XC128562.ogg,XC128562,rufcac2,,,,,,,,,,,,,,,10.392,10.392,0.05683305487036705,0.06032273545861244,0.2272010216346154,4466.057477012417,2947.3018836604547,0.005058669485151768,0.2
C:\Users\yeyuy\Downloads\projet_ml_audio_classique_v7_structured\projet_ml_audio_classique_v7_structured\data\train_audio\1595929\iNat1242532.ogg,iNat1242532.ogg,iNat1242532,1595929,,,,,,,,,,,,,,,35.06215625,30.0,0.03529050946235657,0.016575342044234276,0.37208228528118337,6608.345934135398,3006.0615012045596,0.0027586177457123995,0.19989339019189764
C:\Users\yeyuy\Downloads\projet_ml_audio_classique_v7_structured\projet_ml_audio_classique_v7_structured\data\train_audio\larela1\XC708655.ogg,XC708655.ogg,XC708655,larela1,,,,,,,,,,,,,,,63.84325,30.0,0.030645089223980904,0.03660062700510025,0.33693462445029315,6161.701125260563,2771.8908569622795,0.014633542858064175,0.19989339019189764
C:\Users\yeyuy\Downloads\projet_ml_audio_classique_v7_structured\projet_ml_audio_classique_v7_structured\data\train_audio\bcwfin2\iNat1025024.ogg,iNat1025024.ogg,iNat1025024,bcwfin2,,,,,,,,,,,,,,,24.41428125,24.41428125,0.03362718224525452,0.022553447633981705,0.3399567010362058,5813.284333148319,3505.9416001600343,0.035176705569028854,0.1998689384010485
C:\Users\yeyuy\Downloads\projet_ml_audio_classique_v7_structured\projet_ml_audio_classique_v7_structured\data\train_audio\pvttyr1\iNat30928.ogg,iNat30928.ogg,iNat30928,pvttyr1,,,,,,,,,,,,,,,46.70946875,30.0,0.002537605818361044,0.002754976972937584,0.6287435763426172,9134.571265479948,3551.9790442151384,0.07299157232046127,0.19989339019189764
C:\Users\yeyuy\Downloads\projet_ml_audio_classique_v7_structured\projet_ml_audio_classique_v7_structured\data\train_audio\trsowl\XC837968.ogg,XC837968.ogg,XC837968,trsowl,,,,,,,,,,,,,,,8.071,8.071,0.036062661558389664,0.013640898279845715,0.42761738087871287,7401.526478480178,4141.620931568548,0.057756274938583374,0.2
C:\Users\yeyuy\Downloads\projet_ml_audio_classique_v7_structured\projet_ml_audio_classique_v7_structured\data\train_audio\sibtan2\iNat1713669.ogg,iNat1713669.ogg,iNat1713669,sibtan2,,,,,,,,,,,,,,,38.76,30.0,0.015573741868138313,0.030554398894309998,0.4960497630430437,7696.922932505491,3472.763612473668,0.07437746971845627,0.19989339019189764
C:\Users\yeyuy\Downloads\projet_ml_audio_classique_v7_structured\projet_ml_audio_classique_v7_structured\data\train_audio\wfwduc1\XC243447.ogg,XC243447.ogg,XC243447,wfwduc1,,,,,,,,,,,,,,,34.128,30.0,0.07104747742414474,0.05146268010139465,0.2947050635494403,5305.8373730430485,2280.7452264219905,0.005601636599749327,0.19989339019189764
C:\Users\yeyuy\Downloads\projet_ml_audio_classique_v7_structured\projet_ml_audio_classique_v7_structured\data\train_audio\barant1\XC454940.ogg,XC454940.ogg,XC454940,barant1,,,,,,,,,,,,,,,51.7746875,30.0,0.06360960006713867,0.04767569154500961,0.3282606047607942,5145.520384535815,1836.0499723755038,0.001032668398693204,0.19989339019189764
C:\Users\yeyuy\Downloads\projet_ml_audio_classique_v7_structured\projet_ml_audio_classique_v7_structured\data\train_audio\epaori4\XC957395.ogg,XC957395.ogg,XC957395,epaori4,,,,,,,,,,,,,,,39.1,30.0,0.042840152978897095,0.03725576400756836,0.3623413866771055,6766.908696723505,3255.8830927481595,0.026222800835967064,0.19989339019189764
C:\Users\yeyuy\Downloads\projet_ml_audio_classique_v7_structured\projet_ml_audio_classique_v7_structured\data\train_audio\65377\XC1043284.ogg,XC1043284.ogg,XC1043284,65377,,,,,,,,,,,,,,,37.11521875,30.0,0.010412142612040043,0.024324804544448853,0.29894082530983473,6319.484336737811,3697.197419520694,0.03451023995876312,0.19989339019189764
C:\Users\yeyuy\Downloads\projet_ml_audio_classique_v7_structured\projet_ml_audio_classique_v7_structured\data\train_audio\22961\iNat1657948.ogg,iNat1657948.ogg,iNat1657948,22961,,,,,,,,,,,,,,,6.74125,6.74125,0.13045212626457214,0.036880869418382645,0.3319409989632701,6111.66960743336,2768.806973297591,0.006020577624440193,0.2014218009478673
C:\Users\yeyuy\Downloads\projet_ml_audio_classique_v7_structured\projet_ml_audio_classique_v7_structured\data\train_audio\litcuc2\XC245257.ogg,XC245257.ogg,XC245257,litcuc2,,,,,,,,,,,,,,,62.232,30.0,0.05466524511575699,0.03821490332484245,0.365848891008129,6328.167778606423,3024.572408287771,0.019795874133706093,0.19989339019189764
C:\Users\yeyuy\Downloads\projet_ml_audio_classique_v7_structured\projet_ml_audio_classique_v7_structured\data\train_audio\grasal3\XC214235.ogg,XC214235.ogg,XC214235,grasal3,,,,,,,,,,,,,,,24.73796875,24.73796875,0.10270779579877853,0.034919798374176025,0.5635216977415967,8378.13284248074,2210.075303278881,0.0013108933344483376,0.20038784744667099
C:\Users\yeyuy\Downloads\projet_ml_audio_classique_v7_structured\projet_ml_audio_classique_v7_structured\data\train_audio\fepowl\XC933715.ogg,XC933715.ogg,XC933715,fepowl,,,,,,,,,,,,,,,10.318,10.318,0.07945400476455688,0.028187401592731476,0.22835286458333334,4204.36362087155,2828.332587631845,0.00975971482694149,0.2
C:\Users\yeyuy\Downloads\projet_ml_audio_classique_v7_structured\projet_ml_audio_classique_v7_structured\data\train_audio\tattin1\XC419161.ogg,XC419161.ogg,XC419161,tattin1,,,,,,,,,,,,,,,67.08,30.0,0.07110576331615448,0.05479436740279198,0.37292116079757465,7114.192307540138,3551.223679346426,0.016833331435918808,0.19989339019189764
C:\Users\yeyuy\Downloads\projet_ml_audio_classique_v7_structured\projet_ml_audio_classique_v7_structured\data\train_audio\undtin1\iNat1688275.ogg,iNat1688275.ogg,iNat1688275,undtin1,,,,,,,,,,,,,,,4.55553125,4.55553125,0.0634281188249588,0.027441633865237236,0.3661852384868421,6141.906967128199,2416.900209105148,0.00888874102383852,0.2
C:\Users\yeyuy\Downloads\projet_ml_audio_classique_v7_structured\projet_ml_audio_classique_v7_structured\data\train_audio\giwrai1\XC376777.ogg,XC376777.ogg,XC376777,giwrai1,,,,,,,,,,,,,,,33.72409375,30.0,0.05703146383166313,0.049484264105558395,0.28242567505663646,4868.450380118994,2719.3076277642167,0.002009026240557432,0.19989339019189764
C:\Users\yeyuy\Downloads\projet_ml_audio_classique_v7_structured\projet_ml_audio_classique_v7_structured\data\train_audio\22967\iNat1697350.ogg,iNat1697350.ogg,iNat1697350,22967,,,,,,,,,,,,,,,10.70440625,10.70440625,0.06794992089271545,0.07295213639736176,0.30256019706156717,5129.857724652358,2672.330589429824,0.0033141367603093386,0.2
C:\Users\yeyuy\Downloads\projet_ml_audio_classique_v7_structured\projet_ml_audio_classique_v7_structured\data\train_audio\23154\iNat1475114.ogg,iNat1475114.ogg,iNat1475114,23154,,,,,,,,,,,,,,,35.376,30.0,0.056433744728565216,0.03572005406022072,0.5071172978578091,8150.195140952508,2935.9486996530327,0.007006046362221241,0.19989339019189764
C:\Users\yeyuy\Downloads\projet_ml_audio_classique_v7_structured\projet_ml_audio_classique_v7_structured\data\train_audio\bncfly\iNat1699210.ogg,iNat1699210.ogg,iNat1699210,bncfly,,,,,,,,,,,,,,,25.12396875,25.12396875,0.04711368680000305,0.018786927685141563,0.5778744877864418,8200.879756845892,3131.1754386638245,0.014098193496465683,0.19987269255251433
C:\Users\yeyuy\Downloads\projet_ml_audio_classique_v7_structured\projet_ml_audio_classique_v7_structured\data\train_audio\strcuc1\XC683904.ogg,XC683904.ogg,XC683904,strcuc1,,,,,,,,,,,,,,,15.07265625,15.07265625,0.09561529755592346,0.10227908194065094,0.4452757365124602,7662.64205756163,2612.760543777518,0.011187226511538029,0.20042417815482502
C:\Users\yeyuy\Downloads\projet_ml_audio_classique_v7_structured\projet_ml_audio_classique_v7_structured\data\train_audio\pluibi1\XC705029.ogg,XC705029.ogg,XC705029,pluibi1,,,,,,,,,,,,,,,334.32,30.0,0.02279612235724926,0.04659628868103027,0.29267671825026653,5234.318843128591,3055.3284857622057,0.025824975222349167,0.19989339019189764
C:\Users\yeyuy\Downloads\projet_ml_audio_classique_v7_structured\projet_ml_audio_classique_v7_structured\data\train_audio\24279\iNat871017.ogg,iNat871017.ogg,iNat871017,24279,,,,,,,,,,,,,,,20.41665625,20.41665625,0.1627918928861618,0.02024943009018898,0.4580835209475333,7792.003994927958,2225.693860989738,0.005908023566007614,0.2004698512137823
C:\Users\yeyuy\Downloads\projet_ml_audio_classique_v7_structured\projet_ml_audio_classique_v7_structured\data\train_audio\chvcon1\XC389487.ogg,XC389487.ogg,XC389487,chvcon1,,,,,,,,,,,,,,,9.4824375,9.4824375,0.05997353792190552,0.0645824745297432,0.38286272791947723,6501.084663085399,2952.389322124549,0.02659357525408268,0.20067453625632378
C:\Users\yeyuy\Downloads\projet_ml_audio_classique_v7_structured\projet_ml_audio_classique_v7_structured\data\train_audio\swtman1\XC337431.ogg,XC337431.ogg,XC337431,swtman1,,,,,,,,,,,,,,,94.24978125,30.0,0.022623233497142792,0.04118175432085991,0.297716998850613,5521.413361315442,3427.9844685341986,0.0282319076359272,0.19989339019189764
C:\Users\yeyuy\Downloads\projet_ml_audio_classique_v7_structured\projet_ml_audio_classique_v7_structured\data\train_audio\ragmac1\XC257029.ogg,XC257029.ogg,XC257029,ragmac1,,,,,,,,,,,,,,,11.389375,11.389375,0.049635350704193115,0.07688851654529572,0.22097949767380617,4376.484871856581,3033.739352953615,0.022359896451234818,0.20084269662921347
C:\Users\yeyuy\Downloads\projet_ml_audio_classique_v7_structured\projet_ml_audio_classique_v7_structured\data\train_audio\spbant3\iNat1467993.ogg,iNat1467993.ogg,iNat1467993,spbant3,,,,,,,,,,,,,,,6.82771875,6.82771875,0.041995372623205185,0.058356478810310364,0.2953038092798595,5830.050880097003,3025.753184558216,0.009023946709930897,0.20140515222482436
C:\Users\yeyuy\Downloads\projet_ml_audio_classique_v7_structured\projet_ml_audio_classique_v7_structured\data\train_audio\watjac1\XC946131.ogg,XC946131.ogg,XC946131,watjac1,,,,,,,,,,,,,,,3.39971875,3.39971875,0.027985069900751114,0.03945272043347359,0.4594222234448357,7483.1669916020655,3494.633324068776,0.06595799326896667,0.20187793427230047
C:\Users\yeyuy\Downloads\projet_ml_audio_classique_v7_structured\projet_ml_audio_classique_v7_structured\data\train_audio\bucmot4\XC757155.ogg,XC757155.ogg,XC757155,bucmot4,,,,,,,,,,,,,,,23.7453125,23.7453125,0.010405934415757656,0.01061720959842205,0.4505948153409091,7299.513808461194,3493.7983783569257,0.06311099976301193,0.2
C:\Users\yeyuy\Downloads\projet_ml_audio_classique_v7_structured\projet_ml_audio_classique_v7_structured\data\train_audio\bkcdon\XC883500.ogg,XC883500.ogg,XC883500,bkcdon,,,,,,,,,,,,,,,92.75496875,30.0,0.018512887880206108,0.010502018965780735,0.3935140841551173,6645.384703779267,3000.5489290988903,0.015375279821455479,0.19989339019189764
C:\Users\yeyuy\Downloads\projet_ml_audio_classique_v7_structured\projet_ml_audio_classique_v7_structured\data\train_audio\lesgrf1\XC897451.ogg,XC897451.ogg,XC897451,lesgrf1,,,,,,,,,,,,,,,51.009,30.0,0.016204286366701126,0.011543801054358482,0.5207758986873667,7805.082184000233,3793.927805439931,0.08926334977149963,0.19989339019189764
C:\Users\yeyuy\Downloads\projet_ml_audio_classique_v7_structured\projet_ml_audio_classique_v7_structured\data\train_audio\batbel1\XC830006.ogg,XC830006.ogg,XC830006,batbel1,,,,,,,,,,,,,,,40.2,30.0,0.017813920974731445,0.035113487392663956,0.30498083313899255,5559.826357561855,3310.104794969362,0.04201639071106911,0.19989339019189764
C:\Users\yeyuy\Downloads\projet_ml_audio_classique_v7_structured\projet_ml_audio_classique_v7_structured\data\train_audio\yecmac\XC879281.ogg,XC879281.ogg,XC879281,yecmac,,,,,,,,,,,,,,,15.9096875,15.9096875,0.030862625688314438,0.04309357330203056,0.3827972872173367,6440.237129209752,3079.839445212417,0.03953228518366814,0.2
C:\Users\yeyuy\Downloads\projet_ml_audio_classique_v7_structured\projet_ml_audio_classique_v7_structured\data\train_audio\souant1\XC334189.ogg,XC334189.ogg,XC334189,souant1,,,,,,,,,,,,,,,33.8808125,30.0,0.011525358073413372,0.03068390116095543,0.5341429883228944,8200.741565045653,3607.582270705073,0.07542148232460022,0.19989339019189764
C:\Users\yeyuy\Downloads\projet_ml_audio_classique_v7_structured\projet_ml_audio_classique_v7_structured\data\train_audio\blttit1\XC299020.ogg,XC299020.ogg,XC299020,blttit1,,,,,,,,,,,,,,,19.104,19.104,0.03213488683104515,0.014473115094006062,0.24823851006799164,5226.532157350651,3341.109386587412,0.01308817695826292,0.2
C:\Users\yeyuy\Downloads\projet_ml_audio_classique_v7_structured\projet_ml_audio_classique_v7_structured\data\train_audio\banana\XC956109.ogg,XC956109.ogg,XC956109,banana,,,,,,,,,,,,,,,18.33796875,18.33796875,0.008083464577794075,0.010822921991348267,0.39351892845466435,6782.486614246321,3083.8891384690032,0.04743942990899086,0.2005231037489102
C:\Users\yeyuy\Downloads\projet_ml_audio_classique_v7_structured\projet_ml_audio_classique_v7_structured\data\train_audio\gilhum1\iNat714522.ogg,iNat714522.ogg,iNat714522,gilhum1,,,,,,,,,,,,,,,25.63484375,25.63484375,0.024146808311343193,0.044684961438179016,0.41080993157361195,7003.809457376816,2919.3307288651954,0.04124872386455536,0.20024953212726138
C:\Users\yeyuy\Downloads\projet_ml_audio_classique_v7_structured\projet_ml_audio_classique_v7_structured\data\train_audio\244024\iNat125250.ogg,iNat125250.ogg,iNat125250,244024,,,,,,,,,,,,,,,21.2926875,21.2926875,0.0730738490819931,0.03232134133577347,0.23984184236476333,6999.490642970626,4592.79879908765,0.008739280514419079,0.19984973703981967
C:\Users\yeyuy\Downloads\projet_ml_audio_classique_v7_structured\projet_ml_audio_classique_v7_structured\data\train_audio\blheag1\XC583250.ogg,XC583250.ogg,XC583250,blheag1,,,,,,,,,,,,,,,23.90203125,23.90203125,0.03632812947034836,0.03614811971783638,0.34491154723058903,5865.421412167342,3096.1537083886437,0.005981966853141785,0.2001338688085676
C:\Users\yeyuy\Downloads\projet_ml_audio_classique_v7_structured\projet_ml_audio_classique_v7_structured\data\train_audio\shshaw\XC626060.ogg,XC626060.ogg,XC626060,shshaw,,,,,,,,,,,,,,,7.512,7.512,0.026348186656832695,0.04404620826244354,0.405810546875,6895.35338608808,3392.894819082328,0.05202601104974747,0.2
C:\Users\yeyuy\Downloads\projet_ml_audio_classique_v7_structured\projet_ml_audio_classique_v7_structured\data\train_audio\whwpic1\XC476463.ogg,XC476463.ogg,XC476463,whwpic1,,,,,,,,,,,,,,,3.50040625,3.50040625,0.08753032237291336,0.10356272011995316,0.3526126391267123,6126.5629857843105,2856.9405703426523,0.006652603857219219,0.2009132420091324
C:\Users\yeyuy\Downloads\projet_ml_audio_classique_v7_structured\projet_ml_audio_classique_v7_structured\data\train_audio\platyr1\XC854876.ogg,XC854876.ogg,XC854876,platyr1,,,,,,,,,,,,,,,47.695,30.0,0.032941754907369614,0.061227891594171524,0.3604062208488806,6296.713454367732,2707.195541553707,0.040983811020851135,0.19989339019189764
C:\Users\yeyuy\Downloads\projet_ml_audio_classique_v7_structured\projet_ml_audio_classique_v7_structured\data\train_audio\67107\iNat869726.ogg,iNat869726.ogg,iNat869726,67107,,,,,,,,,,,,,,,18.06934375,18.06934375,0.11242549121379852,0.04764225333929062,0.2445256326050885,4028.902460853769,2415.283443792983,0.00018000676936935633,0.2
C:\Users\yeyuy\Downloads\projet_ml_audio_classique_v7_structured\projet_ml_audio_classique_v7_structured\data\train_audio\schpar1\XC235487.ogg,XC235487.ogg,XC235487,schpar1,,,,,,,,,,,,,,,30.0146875,30.0,0.029390444979071617,0.030121520161628723,0.3247533607076226,5863.68502109167,2829.681243184578,0.015337010845541954,0.19989339019189764
C:\Users\yeyuy\Downloads\projet_ml_audio_classique_v7_structured\projet_ml_audio_classique_v7_structured\data\train_audio\whiwoo1\XC116010.ogg,XC116010.ogg,XC116010,whiwoo1,,,,,,,,,,,,,,,13.66203125,13.66203125,0.029960058629512787,0.04841744899749756,0.2890533518735363,5128.271318374751,2721.926694542575,0.011215225793421268,0.20023419203747073
C:\Users\yeyuy\Downloads\projet_ml_audio_classique_v7_structured\projet_ml_audio_classique_v7_structured\data\train_audio\116570\iNat1460166.ogg,iNat1460166.ogg,iNat1460166,116570,,,,,,,,,,,,,,,7.86284375,7.86284375,0.12831109762191772,0.05369482934474945,0.4759571106453252,8121.890491063042,2531.817257481439,0.014548935927450657,0.20121951219512196
C:\Users\yeyuy\Downloads\projet_ml_audio_classique_v7_structured\projet_ml_audio_classique_v7_structured\data\train_audio\bbwduc\XC731175.ogg,XC731175.ogg,XC731175,bbwduc,,,,,,,,,,,,,,,7.49715625,7.49715625,0.04563885182142258,0.06416739523410797,0.34266516191364604,6001.098113970212,2393.9514885843137,0.009240980260074139,0.20042643923240938
C:\Users\yeyuy\Downloads\projet_ml_audio_classique_v7_structured\projet_ml_audio_classique_v7_structured\data\train_audio\ruftof1\XC699617.ogg,XC699617.ogg,XC699617,ruftof1,,,,,,,,,,,,,,,6.2955,6.2955,0.05600467324256897,0.025282198563218117,0.30316193091687815,5800.261493275646,2916.6704719051486,0.00680497894063592,0.20050761421319796
C:\Users\yeyuy\Downloads\projet_ml_audio_classique_v7_structured\projet_ml_audio_classique_v7_structured\data\train_audio\plcjay1\XC394329.ogg,XC394329.ogg,XC394329,plcjay1,,,,,,,,,,,,,,,38.71346875,30.0,0.025738148018717766,0.04079411178827286,0.26573744003198296,5129.14908196003,3307.905977335241,0.027535801753401756,0.19989339019189764
C:\Users\yeyuy\Downloads\projet_ml_audio_classique_v7_structured\projet_ml_audio_classique_v7_structured\data\train_audio\ruther1\XC708677.ogg,XC708677.ogg,XC708677,ruther1,,,,,,,,,,,,,,,9.32571875,9.32571875,0.10330896079540253,0.027982687577605247,0.6536653757504288,9732.942508889415,3329.508984489868,0.01418977603316307,0.2006861063464837
C:\Users\yeyuy\Downloads\projet_ml_audio_classique_v7_structured\projet_ml_audio_classique_v7_structured\data\train_audio\houspa\XC695471.ogg,XC695471.ogg,XC695471,houspa,,,,,,,,,,,,,,,14.88,14.88,0.08583006262779236,0.06708060950040817,0.2789790463882922,4821.204544592907,1817.6764430812482,0.009107639081776142,0.19978517722878625
C:\Users\yeyuy\Downloads\projet_ml_audio_classique_v7_structured\projet_ml_audio_classique_v7_structured\data\train_audio\grfdov1\XC668404.ogg,XC668404.ogg,XC668404,grfdov1,,,,,,,,,,,,,,,34.586125,30.0,0.0468890555202961,0.04341738298535347,0.168364112056903,3268.4458584093236,2165.7972362876626,0.0018421310232952237,0.19989339019189764
C:\Users\yeyuy\Downloads\projet_ml_audio_classique_v7_structured\projet_ml_audio_classique_v7_structured\data\train_audio\nacnig1\iNat1240188.ogg,iNat1240188.ogg,iNat1240188,nacnig1,,,,,,,,,,,,,,,23.1,23.1,0.1526004672050476,0.02460993453860283,0.3867992284885734,5748.980150553924,1841.0181998275036,0.0013239852851256728,0.20013850415512466
C:\Users\yeyuy\Downloads\projet_ml_audio_classique_v7_structured\projet_ml_audio_classique_v7_structured\data\train_audio\fusfly1\XC1015637.ogg,XC1015637.ogg,XC1015637,fusfly1,,,,,,,,,,,,,,,55.08028125,30.0,0.04295055940747261,0.02779356949031353,0.41022053862939767,7246.149799955593,2214.907379744387,0.002942792372778058,0.19989339019189764
C:\Users\yeyuy\Downloads\projet_ml_audio_classique_v7_structured\projet_ml_audio_classique_v7_structured\data\train_audio\coffal1\XC834086.ogg,XC834086.ogg,XC834086,coffal1,,,,,,,,,,,,,,,40.344,30.0,0.03836396336555481,0.011250292882323265,0.5884197698727346,8856.890697013872,3498.7111298404116,0.038185931742191315,0.19989339019189764
C:\Users\yeyuy\Downloads\projet_ml_audio_classique_v7_structured\projet_ml_audio_classique_v7_structured\data\train_audio\osprey\XC602076.ogg,XC602076.ogg,XC602076,osprey,,,,,,,,,,,,,,,41.4,30.0,0.11755255609750748,0.05683053657412529,0.38744362381729747,7402.481489677988,3624.3633865677457,0.025890354067087173,0.19989339019189764
C:\Users\yeyuy\Downloads\projet_ml_audio_classique_v7_structured\projet_ml_audio_classique_v7_structured\data\train_audio\yeofly1\XC832904.ogg,XC832904.ogg,XC832904,yeofly1,,,,,,,,,,,,,,,45.92325,30.0,0.04278866574168205,0.04494639113545418,0.3526197486340618,6492.18331529116,3325.9935690276357,0.01605847105383873,0.19989339019189764
C:\Users\yeyuy\Downloads\projet_ml_audio_classique_v7_structured\projet_ml_audio_classique_v7_structured\data\train_audio\24321\iNat251887.ogg,iNat251887.ogg,iNat251887,24321,,,,,,,,,,,,,,,15.93584375,15.93584375,0.044056184589862823,0.06256985664367676,0.34063353021460846,6114.50270274316,3182.1124077789386,0.026190077885985374,0.19979919678714858
C:\Users\yeyuy\Downloads\projet_ml_audio_classique_v7_structured\projet_ml_audio_classique_v7_structured\data\train_audio\varant1\XC1067272.ogg,XC1067272.ogg,XC1067272,varant1,,,,,,,,,,,,,,,5.64,5.64,0.07910145074129105,0.10618051886558533,0.3501695843661473,6198.201995064227,3396.1631910298283,0.04085417464375496,0.20113314447592068
C:\Users\yeyuy\Downloads\projet_ml_audio_classique_v7_structured\projet_ml_audio_classique_v7_structured\data\train_audio\chobla1\iNat1583030.ogg,iNat1583030.ogg,iNat1583030,chobla1,,,,,,,,,,,,,,,22.16,22.16,0.03485572710633278,0.0451737716794014,0.43016979223033913,7032.231229350528,2829.6798284749893,0.015769828110933304,0.19985569985569984
C:\Users\yeyuy\Downloads\projet_ml_audio_classique_v7_structured\projet_ml_audio_classique_v7_structured\data\train_audio\lesela1\XC320758.ogg,XC320758.ogg,XC320758,lesela1,,,,,,,,,,,,,,,24.32,24.32,0.04473758488893509,0.021266214549541473,0.5751522949539777,8619.125681213609,4279.531273334378,0.0030534048564732075,0.19986850756081526
C:\Users\yeyuy\Downloads\projet_ml_audio_classique_v7_structured\projet_ml_audio_classique_v7_structured\data\train_audio\23158\iNat162196.ogg,iNat162196.ogg,iNat162196,23158,,,,,,,,,,,,,,,22.1750625,22.1750625,0.007088010199368,0.006387925706803799,0.3379476968344156,5818.688103088816,2774.289266456548,0.03770875558257103,0.19985569985569984
C:\Users\yeyuy\Downloads\projet_ml_audio_classique_v7_structured\projet_ml_audio_classique_v7_structured\data\train_audio\greani1\XC174016.ogg,XC174016.ogg,XC174016,greani1,,,,,,,,,,,,,,,6.713,6.713,0.1029416024684906,0.02531873807311058,0.4222528366815476,7350.20776581777,3943.235804190014,0.03295769542455673,0.2
C:\Users\yeyuy\Downloads\projet_ml_audio_classique_v7_structured\projet_ml_audio_classique_v7_structured\data\train_audio\strowl1\iNat1273724.ogg,iNat1273724.ogg,iNat1273724,strowl1,,,,,,,,,,,,,,,65.64571875,30.0,0.023127246648073196,0.056912656873464584,0.30393243395189234,5352.39163617141,2838.546511375947,0.003971830941736698,0.19989339019189764
C:\Users\yeyuy\Downloads\projet_ml_audio_classique_v7_structured\projet_ml_audio_classique_v7_structured\data\train_audio\horscr1\XC195221.ogg,XC195221.ogg,XC195221,horscr1,,,,,,,,,,,,,,,3.9445,3.9445,0.07954803854227066,0.05327744409441948,0.32857572115384615,5072.2959328642155,2256.8916235022607,0.002783691743388772,0.20242914979757085
